X,Y,Distance
2.150621821598225324e+03,-2.127810622812361032e+02,4.341154586145252736e-01
2.156701912055266803e+03,-2.299866573024550291e+02,2.375662787645935303e+00
2.167239773818658705e+03,-2.667147592062512444e+02,6.539166666666670125e+00
2.205223664608221043e+03,-3.899917807491430040e+02,2.009472222222222371e+01
2.219467623654306863e+03,-4.362206638277273782e+02,2.406885819711464336e+01
2.277716078395308614e+03,-6.341123451088906222e+02,3.932177339954568396e+01
2.298097209211425252e+03,-7.036293179044342878e+02,4.787250000000000227e+01
2.317319884096862552e+03,-7.723351311246324258e+02,5.916138888888889369e+01
2.321199629557223489e+03,-7.828207200524329892e+02,6.043304609701329611e+01
2.356692960307760586e+03,-9.034906146916219996e+02,7.332805555555556509e+01
2.373831857061194569e+03,-9.603787348756736719e+02,7.891393080772409974e+01
2.414941415048761883e+03,-1.101382295972785187e+03,9.355027777777777942e+01
2.431385719091528244e+03,-1.154331185144788151e+03,9.925356273881781988e+01
2.446845215381282742e+03,-1.207453722494457907e+03,1.052836111111110995e+02
2.464505056667717781e+03,-1.267296265937546423e+03,1.109821915640140446e+02
2.530570083642429836e+03,-1.492241619770050647e+03,1.261280555555555480e+02
2.535665366346458995e+03,-1.509620862968936535e+03,1.274743184565960235e+02
2.568784703922648532e+03,-1.622585943761694807e+03,1.411280555555555338e+02
2.592871932021459088e+03,-1.701603697732026603e+03,1.562947222222222194e+02
2.600167559722168789e+03,-1.725702947024331024e+03,1.591884440104496719e+02
2.612905766482241688e+03,-1.769151055021545744e+03,1.637634411830902650e+02
2.649614634476447463e+03,-1.896714603931820420e+03,1.746280555555555338e+02
2.716838117381838856e+03,-2.122471117339669945e+03,1.929779167284517882e+02
2.731950317316259316e+03,-2.173624039183315290e+03,1.993391666666666708e+02
2.765590599425449454e+03,-2.289543543235110064e+03,2.180724999999999909e+02
2.769643993063476955e+03,-2.301013939915922492e+03,2.194849512741122339e+02
2.805137323814014508e+03,-2.421683834555111844e+03,2.320869433376951179e+02
2.836403612748857086e+03,-2.529898524760475539e+03,2.433169444444444594e+02
2.849952979084275285e+03,-2.572188176827011830e+03,2.479113165220582005e+02
2.917523758345000260e+03,-2.799914305740885538e+03,2.717573887802709578e+02
2.917871054700333843e+03,-2.801883921246910177e+03,2.719169444444444252e+02
2.985268185783392255e+03,-3.028625242407771566e+03,2.877484438231293211e+02
3.009469576508181490e+03,-3.119807985769583865e+03,3.000386111111110949e+02
3.024812505933258308e+03,-3.178028210061982008e+03,3.098562513179671782e+02
3.026722635887594151e+03,-3.188861095345116155e+03,3.112830555555555065e+02
3.082016667369559400e+03,-3.387273721159280285e+03,3.290163888888888550e+02
3.090470751000948439e+03,-3.412184130026929779e+03,3.313097549495894327e+02
3.133264517929592785e+03,-3.522427921290006452e+03,3.424955828094099388e+02
3.133264517929592785e+03,-3.522427921290006452e+03,3.425497222222222149e+02
3.204788953634559675e+03,-3.645883399487962834e+03,3.520368192815271868e+02
3.254076805643364423e+03,-3.712334190637190204e+03,3.611497222222222376e+02
3.314433080903356768e+03,-3.749416801612416293e+03,3.728771984370047790e+02
3.328972063469184832e+03,-3.757007452832868694e+03,3.748386111111111063e+02
3.406764663241052858e+03,-3.795077275799806102e+03,3.832621740665885000e+02
3.499679079902136891e+03,-3.815249315273555112e+03,3.924669071090809780e+02
3.511032909718271640e+03,-3.816293608578256226e+03,3.934405555555555907e+02
3.634014907741421666e+03,-3.816947949646825691e+03,4.026901530948928212e+02
3.709902186036350940e+03,-3.809659534662212081e+03,4.123294444444444480e+02
3.740604874557396215e+03,-3.805261248907549543e+03,4.160776714942137460e+02
3.933743761012466621e+03,-3.766128519142103869e+03,4.343294444444444480e+02
3.943591838542588448e+03,-3.764392037365434589e+03,4.352619835778795050e+02
4.095428284922834337e+03,-3.721372349423530977e+03,4.534294444444444139e+02
4.104117906522277735e+03,-3.718824708071516397e+03,4.544033030308309549e+02
4.185569139218645432e+03,-3.691262112180669192e+03,4.643738888888888710e+02
4.238344380212981378e+03,-3.673833000384890056e+03,4.687608612547547864e+02
4.308962727626214473e+03,-3.648180534448378239e+03,4.734405555555555338e+02
4.399567445142036377e+03,-3.614942225768812477e+03,4.791061572835477591e+02
4.499325647477312486e+03,-3.576028204300528614e+03,4.874405555555555338e+02
4.594797322445206191e+03,-3.535839160036888188e+03,4.993849999999999909e+02
4.611018109713412741e+03,-3.529932717757513274e+03,5.016797742782842988e+02
4.710255367515688704e+03,-3.488064273030192908e+03,5.190294444444443798e+02
4.805206097950581352e+03,-3.444920805507515070e+03,5.304109137557832128e+02
4.913887055614655765e+03,-3.393263768801760762e+03,5.396516666666666424e+02
4.956119626368202262e+03,-3.373631907770602083e+03,5.434477528090646956e+02
5.033864761781876041e+03,-3.336568530704966179e+03,5.527627777777777283e+02
5.095910054460343417e+03,-3.308366019177741691e+03,5.632516666666666652e+02
5.182461378338138275e+03,-3.263657313817363047e+03,5.725156582009852855e+02
5.198972380648689068e+03,-3.253637992348272746e+03,5.740072222222222535e+02
5.335230359635804234e+03,-3.179856130333635974e+03,5.848093335186363220e+02
5.412397469203488072e+03,-3.133755835313223088e+03,5.959627777777777737e+02
5.462220691177486515e+03,-3.099584991716236800e+03,6.054561505928312499e+02
5.509553353112459263e+03,-3.062807021215547593e+03,6.124961111111110768e+02
5.595181759027628686e+03,-2.989829106060159575e+03,6.236072222222221626e+02
5.614242806928893515e+03,-2.971236729856304009e+03,6.262519056268822624e+02
5.665923886021635553e+03,-2.907290924178294972e+03,6.347627777777777283e+02
5.681509566130863277e+03,-2.886265069248403506e+03,6.374256623868675433e+02
5.736149876960040274e+03,-2.787272966368977450e+03,6.488183333333332712e+02
5.753070065416311991e+03,-2.750780402433235395e+03,6.528922967008943488e+02
5.785870957501553676e+03,-2.654623751709468706e+03,6.628738888888889278e+02
5.789869674065290383e+03,-2.642748977360332901e+03,6.641443027474527980e+02
5.817113824465190191e+03,-2.515078478540176548e+03,6.769191800528606109e+02
5.832654444454921759e+03,-2.401656747243503105e+03,6.884738888888888368e+02
5.837293076655036202e+03,-2.370376032876467889e+03,6.911866971940225994e+02
5.877535014170050999e+03,-2.086068828491777822e+03,7.113355555555555156e+02
5.880665489845453521e+03,-2.069270015377580876e+03,7.127832325204824429e+02
5.906815478343759423e+03,-1.895082822675194166e+03,7.347133333333331393e+02
5.929076104426910206e+03,-1.779460746381840409e+03,7.508657312136429027e+02
5.949538358943003914e+03,-1.682433450531040535e+03,7.612270795173858460e+02
5.964027472911939185e+03,-1.632153578053127603e+03,7.672244444444443161e+02
6.004878070960246987e+03,-1.552855225995246428e+03,7.761129398169293836e+02
6.085473083961773227e+03,-1.434055209668296129e+03,7.850244444444443843e+02
6.174177288478054834e+03,-1.320933310368762704e+03,7.939777845656177533e+02
6.233389533239561388e+03,-1.253628703763393787e+03,8.030324999999999136e+02
6.303896122265514350e+03,-1.198548572101193940e+03,8.179482895676671887e+02
6.357080549405571219e+03,-1.154646217838762823e+03,8.270324999999999136e+02
6.508517426594891731e+03,-1.069049067026678131e+03,8.419972604460524508e+02
6.714810918671852050e+03,-9.951031737891696594e+02,8.541324999999998226e+02
6.734970936952107877e+03,-9.885021387991275787e+02,8.555665514434465422e+02
6.837624076994732604e+03,-9.602473544363107294e+02,8.722658333333331484e+02
6.917681315792367059e+03,-9.593316491897820697e+02,8.842034897820060451e+02
6.918666123545379378e+03,-9.591580010121150508e+02,8.843547222222219943e+02
7.179114425083215792e+03,-9.447121633397589449e+02,9.023875076368971122e+02
7.279041467118761830e+03,-9.413083022929034769e+02,9.146880555555553656e+02
7.362400425530766370e+03,-9.418412680193982851e+02,9.282229858561943274e+02
7.404977888400947450e+03,-9.414416988284729086e+02,9.329547222222220171e+02
7.500328188026765929e+03,-9.408756941759768324e+02,9.419944141468048429e+02
7.532710277011491598e+03,-9.402429912556962108e+02,9.452213888888885549e+02
7.729493370958868582e+03,-9.390539006377147189e+02,9.651350091323333800e+02
7.777168520771778276e+03,-9.387708983114666808e+02,9.699324999999996635e+02
7.806769834675133097e+03,-9.396439476771986392e+02,9.728740288493102071e+02
7.901308974725606276e+03,-9.402363989553817873e+02,9.823324999999996407e+02
7.962307569860675358e+03,-9.406503935785001431e+02,9.884044121098195319e+02
8.054703446227456880e+03,-9.406053334590047825e+02,9.979436111111108403e+02
8.133949525449746034e+03,-9.408480841431553472e+02,1.005644817556422367e+03
8.332528586725480636e+03,-9.383268894168276120e+02,1.023188055555555138e+03
8.464664069568085324e+03,-9.333055176966797717e+02,1.034127553359652666e+03
8.679523403663713907e+03,-9.136976990525092788e+02,1.051788055555555275e+03
8.844737972440410886e+03,-8.947201790899212028e+02,1.067618793616791663e+03
8.896295271952378243e+03,-8.876600893572650648e+02,1.074188055555555138e+03
9.040250852069828397e+03,-8.632922631709055850e+02,1.096665833333333012e+03
9.066840661401158286e+03,-8.586037623738984621e+02,1.099726009254328119e+03
9.209464137410261173e+03,-8.324399688591812492e+02,1.114257727970215001e+03
9.304816841274778199e+03,-8.146112878724771917e+02,1.123970125886051619e+03
9.387193396172469875e+03,-7.980552254424304692e+02,1.132232499999999391e+03
9.431509745058019689e+03,-7.902410574474185978e+02,1.136933492837326412e+03
9.546037659449779312e+03,-7.659849896483390239e+02,1.151699166666666315e+03
9.561794583497974600e+03,-7.632066188056680858e+02,1.153242048709393202e+03
9.877456413233581770e+03,-6.933309488770790949e+02,1.177645140767563134e+03
9.937008741634324906e+03,-6.797839867803594416e+02,1.184254722222221744e+03
1.008415187874016738e+04,-6.446998421755430400e+02,1.208657418431243286e+03
1.015795537890309242e+04,-6.255937341547833057e+02,1.216950555555555184e+03
1.025817504021968125e+04,-6.008143175840042431e+02,1.226733117667284205e+03
1.036117547661764002e+04,-5.745291487272120321e+02,1.236683888888888305e+03
1.041759973358168099e+04,-5.605183234104812300e+02,1.241616199266037484e+03
1.056798750898890285e+04,-5.208003550829482720e+02,1.253128333333332876e+03
1.073708663170335785e+04,-4.777830713797437170e+02,1.266316189970742471e+03
1.080104205433616153e+04,-4.604134451356528643e+02,1.272928333333332830e+03
1.092796809184875747e+04,-4.258478408251385758e+02,1.292794999999999618e+03
1.100849159810510173e+04,-4.045413878076980723e+02,1.304188618543279745e+03
1.110998628221704712e+04,-3.754754438695362637e+02,1.315353055555555102e+03
1.116507843507274265e+04,-3.596686512244477854e+02,1.319666534883057693e+03
1.133209377965519343e+04,-3.048336744850967079e+02,1.329630833333332930e+03
1.141174904502320351e+04,-2.786031827025950633e+02,1.334815545468609571e+03
1.148155623286109039e+04,-2.541091726967627267e+02,1.342241944444444016e+03
1.154308058100655762e+04,-2.229522379105012249e+02,1.356110046836399079e+03
1.157610258562766103e+04,-2.029135949723206522e+02,1.359308611111110622e+03
1.168727650756945877e+04,-1.366010088360609132e+02,1.367441944444444061e+03
1.171016021961809565e+04,-1.224117268642653755e+02,1.369253667791431781e+03
1.178779359664448930e+04,-5.592068407294085119e+01,1.378108611111110804e+03
1.182713363392938481e+04,-8.366909602106694877e+00,1.386188066200011917e+03
1.184434163318930405e+04,1.497585718914294439e+01,1.390908611111110758e+03
1.187493496756176683e+04,6.606448500370257193e+01,1.400246336441800850e+03
1.188281583382456483e+04,8.471634675924640590e+01,1.402375277777777228e+03
1.189359404203340819e+04,1.099716477435311930e+02,1.404994794760079913e+03
1.191260522133777886e+04,1.864345476457517634e+02,1.412703956790493976e+03
1.191312857010947846e+04,2.007428007209236398e+02,1.414075277777777274e+03
1.191180367871722956e+04,2.543267970519060839e+02,1.419687857550490662e+03
1.191041449329589341e+04,2.622052590760037560e+02,1.420408611111110531e+03
1.188522589057939331e+04,3.359516779259404871e+02,1.428279155397632167e+03
1.188105593007668904e+04,3.423243876640252665e+02,1.428964166666666188e+03
1.184786989423271552e+04,3.923212578156903874e+02,1.434728360912686185e+03
1.181514531737005382e+04,4.281835230698507075e+02,1.438297499999999445e+03
1.177981361360368828e+04,4.615552282849859012e+02,1.441833100563488642e+03
1.174204843111128866e+04,4.914515657080835354e+02,1.445564166666666097e+03
1.168267696360430818e+04,5.287078248609769844e+02,1.451841944444443925e+03
1.166466261324644256e+04,5.387319548074648310e+02,1.454339517955171686e+03
1.162023450597361261e+04,5.603454525381416715e+02,1.462597499999999400e+03
1.159434169359165026e+04,5.689803970632939354e+02,1.466131732521275353e+03
1.152309304749683542e+04,5.929726964457162239e+02,1.473019722222221617e+03
1.150924865764167407e+04,5.966241166541193479e+02,1.474551698078548498e+03
1.145601436190472486e+04,6.105922860900536762e+02,1.480998844037116896e+03
1.144118516429655210e+04,6.140700581207898949e+02,1.482753055555554965e+03
1.137497471959277755e+04,6.267656090000662061e+02,1.489537617412025838e+03
1.132689519211154402e+04,6.345347168755827170e+02,1.493153055555555056e+03
1.118926004889658907e+04,6.549446985560851999e+02,1.502264166666666142e+03
1.115815298270721905e+04,6.585985230031870969e+02,1.505042957608488905e+03
1.105741718533502717e+04,6.712988823598612953e+02,1.520364166666666051e+03
1.102943819058236295e+04,6.744888435869518162e+02,1.524463436370222098e+03
1.095355331652613131e+04,6.844631049365467561e+02,1.532964166666665960e+03
1.093594334383659043e+04,6.864351246812698264e+02,1.535020703234185021e+03
1.083932042565411393e+04,6.988452689955994401e+02,1.545012711684526721e+03
1.079042973859753511e+04,7.054559209404369540e+02,1.548464166666665960e+03
1.062516289698524815e+04,7.270862483420053195e+02,1.558803034483328929e+03
1.060853773204871868e+04,7.292319162643956361e+02,1.559964166666666188e+03
1.048277736318289681e+04,7.456431813811608436e+02,1.571741944444444016e+03
1.039965153850024763e+04,7.563715209931117442e+02,1.582707568591430118e+03
1.035701699431707675e+04,7.620544464979263921e+02,1.589008611111110667e+03
1.022598529033086197e+04,7.795670862323814845e+02,1.608021011079499658e+03
1.018960688902109723e+04,7.843222852971732664e+02,1.611972222222221490e+03
1.007224592671237588e+04,7.991683125762373265e+02,1.623764739454384198e+03
9.954711316225986593e+03,8.149991476083138195e+02,1.635738090000179682e+03
9.952568052542295845e+03,8.156366590059921009e+02,1.635872222222221581e+03
9.836191897986585900e+03,8.306563344627232937e+02,1.647913315917896853e+03
9.776758540689217625e+03,8.394697356429403499e+02,1.654772222222221444e+03
9.662178353461866209e+03,8.558215152080174448e+02,1.665698990626593968e+03
9.429195314859789505e+03,8.929281685702320601e+02,1.679602485171170883e+03
9.428036858929110167e+03,8.937393281455773604e+02,1.679672222222221308e+03
9.318380710466819437e+03,9.109593485989892088e+02,1.699349999999999227e+03
9.290228067536487288e+03,9.151341175790919351e+02,1.703498436155562104e+03
9.061010611768793751e+03,9.539201714049864904e+02,1.722549999999999272e+03
9.005690133661140862e+03,9.624433575428590757e+02,1.728288097327955484e+03
8.950196007375823683e+03,9.719513514337436391e+02,1.737327777777777101e+03
8.888619386394764661e+03,9.814022640116388629e+02,1.749327777777777101e+03
8.861451551217443921e+03,9.857506811694087219e+02,1.752125846040149099e+03
8.545632902975063189e+03,1.037698553333289738e+03,1.773541173915878062e+03
8.542504831538359213e+03,1.038162416553301227e+03,1.773772222222221671e+03
8.446345776575893979e+03,1.053700632304334476e+03,1.792372222222221808e+03
8.377354556790749484e+03,1.064890430897597753e+03,1.801643849047387903e+03
8.195405468928942355e+03,1.094748920917296800e+03,1.814461111111110540e+03
8.096118342529774054e+03,1.110750999888341084e+03,1.822220687590389389e+03
7.994687952446914096e+03,1.127390590257064105e+03,1.839883333333332757e+03
7.922568661225065625e+03,1.139044252070338871e+03,1.847768549150932586e+03
7.635076304090683152e+03,1.185832547501105182e+03,1.865650573137844049e+03
7.591109655799165921e+03,1.193311440334277222e+03,1.869083333333332803e+03
7.392361754823162300e+03,1.226300406029378564e+03,1.901876127694373281e+03
7.328468221980744602e+03,1.237373637757964389e+03,1.908683333333332939e+03
7.212555930645046828e+03,1.255521384651398876e+03,1.920175193900437534e+03
7.015140133777388655e+03,1.286714383018142826e+03,1.940276826350152533e+03
6.978588084289958715e+03,1.292454389835946586e+03,1.942127777777777510e+03
6.799767067864854653e+03,1.321849016635634143e+03,1.950389979906771259e+03
6.674470562219045860e+03,1.341388353189103100e+03,1.962394444444443934e+03
6.632473529433553267e+03,1.349214542377608950e+03,1.979253866182291631e+03
6.631488721680541857e+03,1.349040894199942159e+03,1.979338888888888278e+03
6.363923249097058942e+03,1.392234850735294458e+03,2.006716666666666015e+03
6.312542002001456240e+03,1.401452629583834778e+03,2.011699906685939823e+03
6.159904013000660598e+03,1.426325191048085571e+03,2.027286534612127753e+03
6.124510419443909086e+03,1.431254038290544258e+03,2.030827777777777328e+03
6.074113980101318703e+03,1.440645465316751370e+03,2.035844556543253020e+03
5.952930353645225296e+03,1.459894586827875855e+03,2.048161111111110586e+03
5.903692370233313341e+03,1.468474854278737666e+03,2.053291632092807049e+03
5.732285952612296569e+03,1.496130595063056944e+03,2.070647975722749834e+03
5.644526304206930035e+03,1.510103572976388932e+03,2.079473888888888723e+03
5.577504699927809270e+03,1.521640667924986019e+03,2.086382798535122220e+03
5.511815199757034861e+03,1.531381795545225941e+03,2.093473888888888723e+03
5.403955018623100841e+03,1.549933920106983805e+03,2.103997332449267560e+03
5.308954419591314945e+03,1.564660976282671754e+03,2.111029444444444380e+03
5.057840463766696303e+03,1.606694072648646170e+03,2.128678198384714960e+03
4.990992507665242556e+03,1.617246359844231165e+03,2.135851111111111095e+03
4.857122947284668044e+03,1.639335741988413474e+03,2.158780495825299568e+03
4.777762705436400211e+03,1.651743482064044429e+03,2.167851111111111095e+03
4.628252787872307636e+03,1.676152180308283732e+03,2.182073333333333721e+03
4.575886733023692614e+03,1.685196310979157033e+03,2.187236793327067971e+03
4.417977408902501338e+03,1.711170247061097598e+03,2.203384006122480514e+03
4.416992601149489019e+03,1.710996598883430579e+03,2.203473333333333358e+03
4.312434139629925994e+03,1.728100052472164862e+03,2.214023720133348434e+03
4.168369205363896072e+03,1.750422568345702302e+03,2.228517777777778065e+03
4.100189145154095968e+03,1.762770822869644917e+03,2.235489944797351200e+03
4.027085046179234723e+03,1.774250836505252664e+03,2.242828888888889651e+03
3.887944150678265487e+03,1.797441593267124745e+03,2.256946682721408251e+03
3.813855243950392378e+03,1.808747958725065928e+03,2.264428888888889105e+03
3.727891562873383464e+03,1.824053040746743818e+03,2.273270172578380425e+03
3.514488112466874099e+03,1.859534970719569174e+03,2.294943011568599104e+03
3.458182826606210256e+03,1.867884508679774626e+03,2.300540000000000873e+03
3.336478255617115792e+03,1.890088053449935842e+03,2.312906169018944183e+03
3.316725019243882343e+03,1.892697584592337307e+03,2.314984444444445217e+03
3.193861992324108996e+03,1.915712288937843823e+03,2.327474182204964563e+03
3.127998843975667569e+03,1.926438224311095610e+03,2.333095555555556530e+03
2.850180916193740359e+03,1.975947809271543520e+03,2.354895555555556257e+03
2.818726553649037669e+03,1.981571249224669828e+03,2.358256100824490204e+03
2.700497350451981220e+03,2.001341315268795142e+03,2.376695555555556439e+03
2.675299130780685573e+03,2.006037028781898471e+03,2.380152506634459314e+03
2.495957169822581363e+03,2.038386078840622531e+03,2.398377122767156834e+03
2.382825653568252619e+03,2.058039578020070167e+03,2.409495555555556166e+03
2.280063159377046759e+03,2.076475135717150806e+03,2.420242301527473046e+03
2.212056747344914129e+03,2.087838582488081101e+03,2.427717777777778792e+03
2.091510632286499003e+03,2.109230967682896789e+03,2.440326753683182233e+03
2.025647483938057348e+03,2.119956903056148803e+03,2.445995555555556166e+03
1.744006892008758768e+03,2.173869582248657025e+03,2.467746291394284071e+03
1.741052468749722038e+03,2.173348637715655968e+03,2.467928888888889560e+03
1.578162024550480965e+03,2.204536827605002145e+03,2.482551111111112277e+03
1.369161668376031912e+03,2.243841421725198870e+03,2.506190920938440286e+03
1.353521311192514077e+03,2.246160737825256092e+03,2.508140000000000782e+03
1.233496140667099780e+03,2.264598699761035277e+03,2.524973333333334267e+03
1.127141711819178909e+03,2.280370049241423203e+03,2.537892929715926130e+03
1.056354524705676340e+03,2.290227743726340577e+03,2.544417777777778610e+03
1.018644019287566834e+03,2.296778910119489865e+03,2.547855643937240075e+03
8.658894634220933995e+02,2.316553784641012953e+03,2.561400038687461347e+03
8.370993090940830825e+02,2.318585289937424022e+03,2.563517777777778520e+03
7.229234995350540203e+02,2.326884959300736682e+03,2.571428888888889560e+03
6.870660427582912462e+02,2.328685735106491848e+03,2.574042821657298191e+03
6.342932060026540739e+02,2.328519299644921375e+03,2.578362222222222954e+03
5.771172750149565900e+02,2.324530200035979760e+03,2.584806666666667297e+03
5.500065211506262131e+02,2.322796122498009026e+03,2.588332327340917800e+03
5.171605689458893949e+02,2.319035348141024770e+03,2.592873333333333903e+03
4.793905779760917198e+02,2.314406332895705873e+03,2.598843333333333703e+03
4.470655703043557310e+02,2.307691135279685113e+03,2.602090036222459730e+03
3.763901415781330684e+02,2.288121164038913776e+03,2.607110000000000582e+03
3.714661028130720410e+02,2.287252923150579136e+03,2.607565154965908732e+03
3.332893299362522157e+02,2.273413341772816693e+03,2.612643333333333885e+03
3.201966141047490169e+02,2.267043036273430516e+03,2.614815396809880895e+03
2.722859263237858727e+02,2.239301983727518291e+03,2.620264444444444962e+03
2.695051512424162183e+02,2.237796231441504915e+03,2.620621826368498660e+03
2.354388533166132902e+02,2.206403758687189566e+03,2.625187562194757447e+03
2.279647689608388816e+02,2.196962463064089206e+03,2.626300189938076073e+03
2.190420136320408346e+02,2.184219447826619216e+03,2.627820000000000618e+03
2.106972841492328996e+02,2.162439514634371790e+03,2.630378475559191429e+03
2.080306716938419527e+02,2.148768772956878365e+03,2.631542222222222790e+03
2.087751330014026223e+02,2.086959018246464439e+03,2.636208888888889305e+03
2.099906702450711293e+02,2.080065363975379114e+03,2.636983480729766598e+03
2.195437242554510817e+02,2.043163613893915908e+03,2.642986146821135208e+03
2.197173724331180438e+02,2.042178806140903816e+03,2.643053333333333740e+03
2.372630510935743473e+02,1.994501252089295576e+03,2.648653333333333649e+03
2.458337015896409810e+02,1.974688530164373788e+03,2.650620109004835285e+03
2.593259866120697552e+02,1.938481372793578430e+03,2.653875555555555820e+03
2.732821348545099340e+02,1.905402286859486594e+03,2.657261627483543634e+03
2.861369084792603985e+02,1.867051865804999807e+03,2.662120000000000346e+03
2.932588880023033653e+02,1.843937424265707705e+03,2.665022643478157988e+03
3.015369192173266697e+02,1.802749146816861867e+03,2.669320000000000618e+03
3.034470491716628544e+02,1.791916261533727493e+03,2.670473732476498753e+03
3.038442141238896284e+02,1.732076122329337977e+03,2.676653333333334103e+03
2.974666959084073596e+02,1.693380809158216152e+03,2.680813144812635528e+03
2.915554451516352970e+02,1.675076243758006285e+03,2.682708888888889305e+03
2.786910545720895698e+02,1.644375959475659783e+03,2.686225068460176772e+03
2.436375446545756631e+02,1.595547162209468979e+03,2.692220000000000255e+03
2.358161639434674157e+02,1.588075482092393258e+03,2.693360589600491039e+03
1.979842831832826278e+02,1.555003608874397969e+03,2.698275555555555911e+03
1.782286425713502922e+02,1.540350463682591226e+03,2.700675900541268675e+03
1.465387420585938401e+02,1.518515853416053233e+03,2.704487517950969050e+03
1.457275824832485682e+02,1.517357397485374349e+03,2.704553333333333740e+03
5.952355496078804720e+01,1.470679076618971294e+03,2.715212385752617593e+03
8.137499387787478611e+00,1.445371502799094969e+03,2.721356940764978390e+03
-1.625196494686142401e+01,1.433962995908669200e+03,2.723764444444444962e+03
-5.390779329068044490e+01,1.417168991271870027e+03,2.727639347389505019e+03
-9.990594687860856027e+01,1.395857729777031636e+03,2.733364444444444871e+03
-1.197186688035302637e+02,1.387287079280965145e+03,2.735853041396936987e+03
-2.120622723347203475e+02,1.346634171797312774e+03,2.745944215460584928e+03
-2.467636774195027556e+02,1.330361111693514431e+03,2.749864444444444871e+03
-2.968747101971466122e+02,1.309340065241020511e+03,2.755621103927634977e+03
-3.674359762973905958e+02,1.277605104608768897e+03,2.763786666666667315e+03
-3.769367574721787832e+02,1.273899007326075207e+03,2.764716393439266994e+03
-5.476630078147211407e+02,1.194039459093095729e+03,2.778564444444444689e+03
-6.121417792192248726e+02,1.162361579773833455e+03,2.783698550503215756e+03
-6.482918552770308906e+02,1.142786800055664571e+03,2.787008888888889487e+03
-7.669969428875931499e+02,1.073115412992044639e+03,2.800608888888889396e+03
-7.983966283580050458e+02,1.055393681915222487e+03,2.805157525950773561e+03
-8.680325722569249365e+02,1.012652187822169367e+03,2.819483055555555893e+03
-9.288052463787349780e+02,9.714735273281189620e+02,2.828001609395674677e+03
-1.075263407728703669e+03,8.633994463744204495e+02,2.841683055555555711e+03
-1.110371594720508028e+03,8.379158201381783329e+02,2.845477443970008153e+03
-1.177112600912079415e+03,7.845150889396579714e+02,2.857016388888889196e+03
-1.245418844941352063e+03,7.227149511840392506e+02,2.867460200311772041e+03
-1.245245196763685271e+03,7.217301434310270452e+02,2.867526111111111732e+03
-1.387999665069658931e+03,5.868926049683320798e+02,2.880859444444444762e+03
-1.399412980437482247e+03,5.767567166345643273e+02,2.882137558478080791e+03
-1.484406279193671935e+03,4.886593888286591891e+02,2.899915000000000418e+03
-1.503120030739602726e+03,4.680973971187792699e+02,2.904017821144837399e+03
-1.659088590219154639e+03,2.872665135455537211e+02,2.928105036732558801e+03
-1.659726101616833148e+03,2.851232498618624049e+02,2.928248333333334358e+03
-1.720329936038373717e+03,2.084344289463830364e+02,2.936795194820489996e+03
-1.738349094873636886e+03,1.839332062244542101e+02,2.939759444444445307e+03
-1.798722199804521324e+03,1.001770828602223560e+02,2.951448333333333721e+03
-1.806196284160295818e+03,9.073578723712235217e+01,2.952773861888052579e+03
-1.879954724203726755e+03,-2.076619715041942626e+01,2.966281666666667206e+03
-1.912053810862203818e+03,-6.907404988360936215e+01,2.972044993497924679e+03
-1.975383743290823759e+03,-1.706137941150502684e+02,2.984178793504276655e+03
-1.990912342087061688e+03,-1.977221437406818723e+02,2.987359444444445217e+03
-2.053547681805013781e+03,-3.032011189841716146e+02,2.999537222222222681e+03
-2.060674469805454464e+03,-3.146120301132960435e+02,3.000914764199045749e+03
-2.131247757099192313e+03,-4.326603724165894391e+02,3.014694199465552629e+03
-2.131885268496870594e+03,-4.348036361002807553e+02,3.014926111111111823e+03
-2.264399302797893142e+03,-6.622701846591127151e+02,3.033592777777778792e+03
-2.272163602196012107e+03,-6.758243594719284602e+02,3.034927103409333995e+03
-2.374895461699915813e+03,-8.533607361468799581e+02,3.062013513185233933e+03
-2.390597708673820307e+03,-8.794842780194992429e+02,3.065370555555556621e+03
-2.520678264248806954e+03,-1.103475458786293757e+03,3.087848333333334267e+03
-2.529253723222271219e+03,-1.118188089529788840e+03,3.089304732196613259e+03
-2.655452129098198384e+03,-1.335402182890175482e+03,3.113981666666667479e+03
-2.693636114691114471e+03,-1.401029793270563005e+03,3.122081046184761362e+03
-2.773248724178328303e+03,-1.536918837754054721e+03,3.140559444444445489e+03
-2.851876525912529814e+03,-1.672634234059879873e+03,3.158809641207042660e+03
-2.926622177947671844e+03,-1.801572542959296698e+03,3.174115000000001146e+03
-2.936008796496480954e+03,-1.817443629633470891e+03,3.175631818498161920e+03
-3.021125874833444868e+03,-1.962426673384728701e+03,3.187626111111112095e+03
-3.063829521523098720e+03,-2.036974634855215754e+03,3.194249438249619743e+03
-3.132259545133145366e+03,-2.155660488556187374e+03,3.211503888888889833e+03
-3.165576573273990107e+03,-2.214337363352500233e+03,3.221711051852613309e+03
-3.191302950194382902e+03,-2.258475255582985028e+03,3.228670555555556803e+03
-3.281229904670428823e+03,-2.416491529614057981e+03,3.245892777777778520e+03
-3.293687513342952116e+03,-2.437981247763960710e+03,3.247447857178616232e+03
-3.428173567388697847e+03,-2.683057769012335029e+03,3.263052220837182631e+03
-3.428984726964043148e+03,-2.684216224943013913e+03,3.263226111111112004e+03
-3.491679552233683808e+03,-2.800875381824972010e+03,3.280670555555556803e+03
-3.538905264258774423e+03,-2.901606370719766346e+03,3.299791624513009538e+03
-3.593547979326649966e+03,-3.017861149933401066e+03,3.308759444444445762e+03
-3.664937234673131115e+03,-3.171593300835790160e+03,3.319231046370381591e+03
-3.719522868428017318e+03,-3.293930574745165359e+03,3.329892777777778520e+03
-3.766113473294128653e+03,-3.409780976290476701e+03,3.343937777777778592e+03
-3.801288358553717444e+03,-3.498232813167811855e+03,3.356281639514797007e+03
-3.832754742291914226e+03,-3.578922754885727045e+03,3.368826666666667734e+03
-3.877145002161344564e+03,-3.701493162524457148e+03,3.386693333333334522e+03
-3.888213425412532615e+03,-3.730861342698457520e+03,3.390170528060073593e+03
-3.938574421590423299e+03,-3.882916497375865674e+03,3.406183103396344450e+03
-3.954685854710049171e+03,-3.935513281715137055e+03,3.411737777777779229e+03
-3.987432069721000062e+03,-4.055015103468851521e+03,3.424108289878362939e+03
-4.038031008105643650e+03,-4.251790984700131958e+03,3.444037777777778956e+03
-4.055013086352302707e+03,-4.316726406608550860e+03,3.451052255522842643e+03
-4.094310467756402431e+03,-4.473938733780375514e+03,3.467346945607550424e+03
-4.099990989022518079e+03,-4.499310601629337725e+03,3.469237777777779229e+03
-4.173718794378646635e+03,-4.806784520388911005e+03,3.487156380828221700e+03
-4.219279531372250858e+03,-5.014857150123338215e+03,3.505348888888890087e+03
-4.242004020675411994e+03,-5.133607297853394812e+03,3.523460000000001401e+03
-4.248612268381551075e+03,-5.165235308575764066e+03,3.528446010607659900e+03
-4.267278555569288073e+03,-5.260930500318218037e+03,3.543793333333334886e+03
-4.272147917260058421e+03,-5.285143912236500910e+03,3.546860010451036942e+03
-4.322116556963119365e+03,-5.531564558786715679e+03,3.571093333333335067e+03
-4.327623430051568903e+03,-5.557921234388690209e+03,3.573652963396563337e+03
-4.348202251432340745e+03,-5.660046217182217333e+03,3.584426666666668098e+03
-4.357013248373858005e+03,-5.702216898145376945e+03,3.588113805416352989e+03
-4.368086480102444511e+03,-5.766110430987792824e+03,3.593083424443322201e+03
-4.376321855436671285e+03,-5.834580706239938081e+03,3.599293333333334886e+03
-4.380503837132870103e+03,-5.914521378172895311e+03,3.608693257560173151e+03
-4.379523837857255785e+03,-5.948873082663644709e+03,3.613493333333335158e+03
-4.370494132618575350e+03,-6.000083085820278939e+03,3.619175325470866937e+03
-4.297009698362378913e+03,-6.192241972999735481e+03,3.631715555555557330e+03
-4.291450552438338491e+03,-6.206493144761917392e+03,3.632701548688364710e+03
-4.155516447835351755e+03,-6.378501630615913200e+03,3.654693333333334976e+03
-4.134316944727793270e+03,-6.395072118478152333e+03,3.657626625600131320e+03
-3.962689414570915233e+03,-6.498845867048057698e+03,3.678462303220447211e+03
-3.961704606817902913e+03,-6.498672218870390680e+03,3.678560000000001310e+03
-3.854020478100334913e+03,-6.533502212013344433e+03,3.694115555555556966e+03
-3.810922070697152776e+03,-6.536057066081455559e+03,3.697950671460976992e+03
-3.672356796803474936e+03,-6.532948228554341767e+03,3.707987111772880326e+03
-3.671371989050462616e+03,-6.532774580376675658e+03,3.708037777777779411e+03
-3.573412158282242217e+03,-6.512455339350945906e+03,3.722460841219052782e+03
-3.523301125504598531e+03,-6.491434292898452441e+03,3.726737777777779229e+03
-3.348114699617006863e+03,-6.413834575213842072e+03,3.739525709533229019e+03
-3.329460433622763958e+03,-6.404452765142430508e+03,3.741826666666668189e+03
-3.273438150088348266e+03,-6.365127153289726266e+03,3.756262830603867769e+03
-3.253856157654082836e+03,-6.349489200344907658e+03,3.759782222222223936e+03
-3.184160728203474719e+03,-6.295567524613386013e+03,3.768937777777779502e+03
-3.142446697744230278e+03,-6.255718563988983078e+03,3.773458206271350264e+03
-3.019792762166824104e+03,-6.116301878877861782e+03,3.785348888888890087e+03
-3.010522710482692219e+03,-6.105528479146415521e+03,3.786480405053859613e+03
-2.943660328949045379e+03,-6.012504708336750809e+03,3.802166388888890197e+03
-2.920712322871323977e+03,-5.952609892058070727e+03,3.811898838520438858e+03
-2.891329717265130512e+03,-5.860102257304009072e+03,3.821961388888890269e+03
-2.888953319852083951e+03,-5.850544394816231033e+03,3.823091442100266704e+03
-2.873693297949901080e+03,-5.672184837372440597e+03,3.840910510021399659e+03
-2.873921623201858893e+03,-5.647854858589479591e+03,3.842316944444445653e+03
-2.887506432701976792e+03,-5.444118624819329852e+03,3.852583611111112532e+03
-2.889994588502303486e+03,-5.424248821581418269e+03,3.853817676618069981e+03
-2.900741541608062562e+03,-5.225089330220994270e+03,3.881782559546854827e+03
-2.900104030210384281e+03,-5.222946066537303523e+03,3.881916944444445562e+03
-2.897299212742026157e+03,-5.048813550909206242e+03,3.896653888524258491e+03
-2.896944703670596027e+03,-4.998995137412605800e+03,3.900816944444445653e+03
-2.905029852798361844e+03,-4.820690257043105703e+03,3.917483611111112623e+03
-2.909539896940304516e+03,-4.760559902796371716e+03,3.924372238437254964e+03
-2.911331055791264134e+03,-4.727366654236301656e+03,3.928639166666667734e+03
-2.923305567334185980e+03,-4.607626890275833830e+03,3.945705833333334340e+03
-2.932504112273135433e+03,-4.520906726697769955e+03,3.952755271533652376e+03
-2.954081546423330110e+03,-4.306394688957474500e+03,3.965782967106972137e+03
-2.953617683203318848e+03,-4.303266617520771433e+03,3.965928055555556512e+03
-2.967673568639545010e+03,-4.154446484189948933e+03,3.983394722222222754e+03
-2.975713657647815580e+03,-4.068537480187230813e+03,3.998061388888889724e+03
-2.977450139424484860e+03,-4.058689402657108531e+03,3.999316542924241276e+03
-2.992778643417368585e+03,-3.896893120359460681e+03,4.015772634477013980e+03
-2.994860017310672902e+03,-3.867812750989106007e+03,4.018772492787690226e+03
-3.001674952120479702e+03,-3.719746695920639922e+03,4.030939166666667461e+03
-3.004897952273571264e+03,-3.569016432635481124e+03,4.042983611111112168e+03
-3.005185763077216961e+03,-3.555866635490988301e+03,4.044340600582459047e+03
-2.992076217574822294e+03,-3.428657595652144209e+03,4.061116944444444925e+03
-2.988655526857075529e+03,-3.407745903348231877e+03,4.063997987684409054e+03
-2.946981748039928789e+03,-3.240975713688630094e+03,4.082428055555556057e+03
-2.925943871916543230e+03,-3.170248012126815865e+03,4.089945355493891839e+03
-2.884624602170827075e+03,-3.053296235963814524e+03,4.102274711531601497e+03
-2.852984570254963728e+03,-2.973591101998911654e+03,4.110128055555555875e+03
-2.800251985141424029e+03,-2.846503437502142333e+03,4.122439166666667006e+03
-2.781245614314449995e+03,-2.804565890268338535e+03,4.127000885675734025e+03
-2.736569947880072959e+03,-2.712407956108309463e+03,4.137939166666667006e+03
-2.705569831600586440e+03,-2.652108762161306004e+03,4.145535653413687214e+03
-2.671498725197385738e+03,-2.586190936738573782e+03,4.153439166666667006e+03
-2.622769665124981202e+03,-2.505503399259357593e+03,4.162584941261909080e+03
-2.549708222030916659e+03,-2.407324860193975383e+03,4.172039166666667370e+03
-2.420391361673081065e+03,-2.259625335390433520e+03,4.187374101929710378e+03
-2.379488490789182379e+03,-2.220934830696709014e+03,4.193739166666667188e+03
-2.285229948826258351e+03,-2.156589455827774600e+03,4.210732805594968340e+03
-2.273295688925434206e+03,-2.149407990753043578e+03,4.212339166666666642e+03
-2.161774470628301970e+03,-2.085065020122807709e+03,4.225712974382956418e+03
-2.069314300232434562e+03,-2.039314425696427634e+03,4.235805833333332885e+03
-1.986935341096043885e+03,-2.005495686932172703e+03,4.243646803276800711e+03
-1.954667414737297349e+03,-1.992697994620411919e+03,4.246294722222221935e+03
-1.792459542055229804e+03,-1.933633571826667321e+03,4.257961388888888905e+03
-1.747389114907324483e+03,-1.918578453205236428e+03,4.262328087355186653e+03
-1.714773892193244137e+03,-1.907750376399499601e+03,4.266761388888889087e+03
-1.669993680087683288e+03,-1.896808136967784094e+03,4.276498780550525225e+03
-1.669182520512337987e+03,-1.895649681037104983e+03,4.276545555555555438e+03
-1.546602495918812792e+03,-1.870989235569702032e+03,4.288872731640439270e+03
-1.545617688165800701e+03,-1.870815587392035241e+03,4.288956388888888796e+03
-1.464342507885798796e+03,-1.859530860082383697e+03,4.296880898884250200e+03
-1.463357700132786476e+03,-1.859357211904716678e+03,4.296956388888887886e+03
-1.404212153639064809e+03,-1.855020815940441025e+03,4.302651467909443454e+03
-1.375131784268709907e+03,-1.852939442047136708e+03,4.305423055555555038e+03
-1.342576047106317674e+03,-1.853291546879868292e+03,4.308721759964273588e+03
-1.298840128305457256e+03,-1.853703137264287989e+03,4.313356388888888432e+03
-1.254699831836273688e+03,-1.862166837850472120e+03,4.317636568654791517e+03
-1.171519330079333258e+03,-1.896240348492371595e+03,4.324156388888888614e+03
-1.153157683366133824e+03,-1.908234093944883625e+03,4.325842256725080006e+03
-1.102999186230295891e+03,-1.962346247524963474e+03,4.333134166666666715e+03
-1.090432223409191238e+03,-1.987546871434957666e+03,4.335880544197889321e+03
-1.063678382854989877e+03,-2.052893883727796037e+03,4.342111944444443907e+03
-1.050592879739583168e+03,-2.098311607231034941e+03,4.346819414662157214e+03
-1.040171584840868491e+03,-2.140137396077559515e+03,4.353111944444443907e+03
-1.034036817309536673e+03,-2.180688162128726617e+03,4.359611944444443907e+03
-1.034153384174214125e+03,-2.185785849071454777e+03,4.360218065003909032e+03
-1.027730805839236609e+03,-2.239486412267114702e+03,4.366556388888888250e+03
-1.025823080123599084e+03,-2.267581973884457511e+03,4.368646509275475182e+03
-1.017150288195047892e+03,-2.385873066871900846e+03,4.375489722222221644e+03
-1.016398614171390818e+03,-2.395894792579690147e+03,4.376160584841102718e+03
-1.002623326822713921e+03,-2.479777099763394745e+03,4.390589722222222008e+03
-9.961959400103387452e+02,-2.498952310290637797e+03,4.393069562537640195e+03
-9.703103403444721380e+02,-2.559375283818415483e+03,4.399145277777777665e+03
-9.645775462427645834e+02,-2.574611263333610168e+03,4.400776665930019590e+03
-9.472031115212763552e+02,-2.604041333297997426e+03,4.405081907824813243e+03
-8.721390139951863603e+02,-2.684224755915105106e+03,4.412923055555555948e+03
-8.021131178601360716e+02,-2.753111430029066469e+03,4.419682642754091830e+03
-8.011283101071238661e+02,-2.752937781851399450e+03,4.419767499999999927e+03
-7.137231707731876895e+02,-2.816729173261332107e+03,4.436392612819141505e+03
-7.127383630201754841e+02,-2.816555525083665088e+03,4.436434166666665988e+03
-6.557408886875425651e+02,-2.846106970390128026e+03,4.443100833333332957e+03
-6.489638012811346925e+02,-2.849989120089187054e+03,4.443854013766522257e+03
-5.950349128335171827e+02,-2.867896520537170545e+03,4.449728054121177593e+03
-5.940501050805049772e+02,-2.867722872359503526e+03,4.449811944444443725e+03
-4.962687309673494838e+02,-2.880944176249178327e+03,4.461556388888888250e+03
-4.346326244346024623e+02,-2.879214907188605594e+03,4.465695325279921235e+03
-3.033653824803330394e+02,-2.869269496703396271e+03,4.472510855124952286e+03
-2.894044257604952577e+02,-2.867823229969071690e+03,4.473456388888887886e+03
-2.485063633539938905e+02,-2.863658077943764056e+03,4.480434166666665078e+03
-2.160077075045909965e+02,-2.857927688080755161e+03,4.487692768325926409e+03
-1.503728844081069269e+02,-2.844323644671046623e+03,4.493423055555554129e+03
-1.782821541978209723e+01,-2.812829030484246232e+03,4.502731599754790295e+03
7.271942078305049506e+01,-2.773508227108940446e+03,4.512089722222220189e+03
1.264818737690975183e+02,-2.738642790801286083e+03,4.520139689531801196e+03
1.514517681884354374e+02,-2.719008525531429314e+03,4.524611944444442088e+03
2.094460714675745976e+02,-2.662072940989183280e+03,4.535916889657533829e+03
2.152978366726584625e+02,-2.654948557227441597e+03,4.536823055555552855e+03
2.476276528217920259e+02,-2.613708006943003966e+03,4.541885543149856858e+03
2.926482113728043828e+02,-2.540782364623207741e+03,4.550391700419511835e+03
3.160576764318386722e+02,-2.495022153242032346e+03,4.555645277777774936e+03
3.500741057607486368e+02,-2.405759156789351891e+03,4.565195287185592861e+03
3.586519689729116180e+02,-2.373783849711648145e+03,4.567934166666664169e+03
3.730293245545668128e+02,-2.294076311508046729e+03,4.574950190856974586e+03
3.771470122216801997e+02,-2.259841173881974555e+03,4.578667499999997744e+03
3.757079582034518239e+02,-2.194092188159511807e+03,4.587003418375558795e+03
3.713120766874880587e+02,-2.146126823304257869e+03,4.591967499999997926e+03
3.618779937804844167e+02,-2.086864709945858522e+03,4.597945731253499616e+03
3.489685430814434426e+02,-2.025169117861423274e+03,4.604167499999997744e+03
3.380833849627173890e+02,-1.986471400451602449e+03,4.608272533254547852e+03
3.156184760145976043e+02,-1.905136734619912431e+03,4.616767499999997199e+03
2.956417228668042299e+02,-1.843671872026133542e+03,4.623191045838168066e+03
2.885197433437613199e+02,-1.820557430486841213e+03,4.625434166666664169e+03
2.531976565321922124e+02,-1.718135019934872844e+03,4.635354233297063729e+03
2.487969665388307874e+02,-1.704695007748035778e+03,4.636600833333330229e+03
2.085532452008995108e+02,-1.585878161750193840e+03,4.647979598708688172e+03
2.082059488455656435e+02,-1.583908546244169429e+03,4.648156388888885886e+03
1.757217184283557003e+02,-1.486062878101928163e+03,4.658838240978981958e+03
1.574243657442422091e+02,-1.428363598342531077e+03,4.665034166666663623e+03
1.287627994744035220e+02,-1.334921024432349896e+03,4.674811944444440996e+03
1.248830540140428695e+02,-1.324435435504549559e+03,4.675931150802124648e+03
8.759375593514822356e+01,-1.205097644973706565e+03,4.688613452330011569e+03
8.417787369479900406e+01,-1.191483984609202707e+03,4.690011944444441724e+03
7.300250053372849379e+01,-1.156899146389097950e+03,4.693692233714438771e+03
4.978351332325277667e+01,-1.082805431183827068e+03,4.700189722222219643e+03
-1.507078488518843074e+01,-8.992790842908248123e+02,4.715790290576890584e+03
-1.541808124052229800e+01,-8.973094687848004014e+02,4.715923055555552310e+03
-4.547123717039524138e+01,-8.132511091847301259e+02,4.729311944444440996e+03
-5.624223266314254488e+01,-7.867183811663898041e+02,4.733241607947886223e+03
-8.664268494834935552e+01,-7.006904060602950040e+02,4.742923055555552310e+03
-1.198809936279152453e+02,-6.100856885444731006e+02,4.752347518308660256e+03
-1.244553317989436039e+02,-5.956608686046237153e+02,4.753856388888885704e+03
-1.673632613535670259e+02,-4.732520879500666524e+02,4.767689722222219643e+03
-1.850231026400021221e+02,-4.134095445069783068e+02,4.773145990206774513e+03
-2.191795208047955725e+02,-2.600102645277301008e+02,4.784556388888885522e+03
-2.250835588454712024e+02,-2.265268009253150012e+02,4.787237858027534458e+03
-2.139243949395101936e+02,3.843635323186189368e+01,4.815723055555553401e+03
-2.120689420594645469e+02,5.094863897867610802e+01,4.817005697097383745e+03
-1.849437627629412475e+02,1.562587745218965551e+02,4.827145277777774936e+03
-1.268184671869316134e+02,3.218681040121203978e+02,4.842759877708728709e+03
-1.054951844985992722e+02,3.621833320952339363e+02,4.847211944444441542e+03
-1.215475202090290807e+01,4.893232694275946528e+02,4.864478611111107966e+03
3.373164317974527648e+01,5.400621966481215850e+02,4.873028338421469016e+03
9.010362730819387878e+01,5.946808693290091696e+02,4.884623055555552128e+03
1.665785484039087123e+02,6.619830716956792003e+02,4.894715841727731458e+03
2.528444657167562184e+02,7.371042505347585347e+02,4.902089722222218370e+03
3.779270715428007179e+02,8.454709507695002912e+02,4.912284697024446359e+03
4.862084600159495267e+02,9.397054503454361338e+02,4.934600833333329319e+03
5.234028293784559764e+02,9.706340598797401071e+02,4.941962324004477523e+03
6.738597072921614881e+02,1.090582915182574425e+03,4.961339020829022957e+03
7.207285060071230873e+02,1.124232814246560110e+03,4.966867499999996653e+03
7.918131208790666733e+02,1.170276027953983430e+03,4.974477605213357492e+03
9.383830406163151565e+02,1.248922443181993231e+03,4.988361275962006403e+03
9.590069221165822455e+02,1.258651549608738833e+03,4.990645277777774027e+03
1.022210670725729301e+03,1.286042901560618475e+03,4.998155575272890928e+03
1.031711451900517432e+03,1.289748998843312165e+03,4.999311944444440087e+03
1.131005791015782506e+03,1.325534948874892507e+03,5.009186511164142757e+03
1.150354649720692578e+03,1.330977527934255932e+03,5.011111944444440269e+03
1.222999693952939879e+03,1.350894795530360852e+03,5.018311944444440087e+03
1.258105476706045465e+03,1.359115745432394760e+03,5.021689382086532532e+03
1.333935673687985400e+03,1.372486655112748394e+03,5.028999101045892530e+03
1.378599318928868570e+03,1.378331207601735741e+03,5.033011944444439905e+03
1.429345458865491992e+03,1.384232841403712655e+03,5.037698340609211300e+03
1.455645053154477182e+03,1.384808463011004051e+03,5.040845277777772935e+03
1.490170405822893827e+03,1.384803654533606277e+03,5.044630234157137238e+03
1.596177538315480888e+03,1.371001920559242535e+03,5.052772301232572318e+03
1.596351186493147679e+03,1.370017112806230443e+03,5.052845277777772935e+03
1.657925403235507929e+03,1.343303523894126783e+03,5.062785011897389268e+03
1.688392553788499299e+03,1.320243759429125248e+03,5.067178611111106875e+03
1.715094121507108866e+03,1.295504594500443545e+03,5.070767037766113390e+03
1.760442742503864565e+03,1.228359210640548781e+03,5.078259134506828559e+03
1.776194858074662307e+03,1.196612228814803075e+03,5.082178611111106875e+03
1.793740536735118667e+03,1.148934674763195062e+03,5.088489722222218006e+03
1.808679088491872108e+03,1.098766560672561809e+03,5.092521657786661308e+03
1.840116621365682931e+03,9.723043863799770179e+02,5.100300434970968126e+03
1.840463917721016742e+03,9.703347708739526070e+02,5.100389722222217642e+03
1.870050806192179607e+03,8.658856635029703739e+02,5.117241576917000202e+03
1.874972440718541748e+03,8.494912280570966914e+02,5.119278611111106329e+03
1.900161043435041847e+03,7.757448092071598467e+02,5.127001606915099728e+03
1.922916167425506274e+03,6.985230225651855562e+02,5.135016045677375587e+03
1.929747931906204713e+03,6.712957018361776136e+02,5.137178611111105965e+03
1.980405735426754063e+03,4.588650379891863054e+02,5.152079410593220928e+03
1.980753031782087874e+03,4.568954224831618944e+02,5.152189722222216915e+03
2.000841543317161268e+03,3.660028941636942932e+02,5.170323055555551036e+03
2.015546961344559804e+03,3.056394061876050614e+02,5.176029755379777271e+03
2.027240874799932271e+03,2.508374683742552804e+02,5.179656388888884067e+03
2.054798662213382158e+03,1.348608830094710243e+02,5.186625483089342197e+03
2.068923650156091753e+03,6.627163665395030989e+01,5.193856388888883885e+03
2.088203406354518847e+03,-8.516671261988104646e+00,5.208852126658806810e+03
2.103141958111272288e+03,-5.868478535262138251e+01,5.214123055555551218e+03
2.124681544858068264e+03,-1.290129177235101849e+02,5.220506476389071395e+03
2.157627234256590782e+03,-2.409931907632562229e+02,5.231843037071457729e+03
